"Variavel","Categoria","Ocorrencias","Percentual"
"ID","1",1,0.165562913907285
"ID","2",1,0.165562913907285
"ID","3",1,0.165562913907285
"ID","4",1,0.165562913907285
"ID","5",1,0.165562913907285
"ID","6",1,0.165562913907285
"ID","7",1,0.165562913907285
"ID","8",1,0.165562913907285
"ID","9",1,0.165562913907285
"ID","10",1,0.165562913907285
"ID","11",1,0.165562913907285
"ID","12",1,0.165562913907285
"ID","13",1,0.165562913907285
"ID","14",1,0.165562913907285
"ID","15",1,0.165562913907285
"ID","16",1,0.165562913907285
"ID","17",1,0.165562913907285
"ID","18",1,0.165562913907285
"ID","19",1,0.165562913907285
"ID","20",1,0.165562913907285
"ID","21",1,0.165562913907285
"ID","22",1,0.165562913907285
"ID","23",1,0.165562913907285
"ID","24",1,0.165562913907285
"ID","25",1,0.165562913907285
"ID","26",1,0.165562913907285
"ID","27",1,0.165562913907285
"ID","28",1,0.165562913907285
"ID","29",1,0.165562913907285
"ID","30",1,0.165562913907285
"ID","31",1,0.165562913907285
"ID","32",1,0.165562913907285
"ID","33",1,0.165562913907285
"ID","34",1,0.165562913907285
"ID","35",1,0.165562913907285
"ID","36",1,0.165562913907285
"ID","37",1,0.165562913907285
"ID","38",1,0.165562913907285
"ID","39",1,0.165562913907285
"ID","40",1,0.165562913907285
"ID","41",1,0.165562913907285
"ID","42",1,0.165562913907285
"ID","43",1,0.165562913907285
"ID","44",1,0.165562913907285
"ID","45",1,0.165562913907285
"ID","46",1,0.165562913907285
"ID","47",1,0.165562913907285
"ID","48",1,0.165562913907285
"ID","49",1,0.165562913907285
"ID","50",1,0.165562913907285
"ID","51",1,0.165562913907285
"ID","52",1,0.165562913907285
"ID","53",1,0.165562913907285
"ID","54",1,0.165562913907285
"ID","55",1,0.165562913907285
"ID","56",1,0.165562913907285
"ID","57",1,0.165562913907285
"ID","58",1,0.165562913907285
"ID","59",1,0.165562913907285
"ID","60",1,0.165562913907285
"ID","61",1,0.165562913907285
"ID","62",1,0.165562913907285
"ID","63",1,0.165562913907285
"ID","64",1,0.165562913907285
"ID","65",1,0.165562913907285
"ID","66",1,0.165562913907285
"ID","67",1,0.165562913907285
"ID","68",1,0.165562913907285
"ID","69",1,0.165562913907285
"ID","70",1,0.165562913907285
"ID","71",1,0.165562913907285
"ID","72",1,0.165562913907285
"ID","73",1,0.165562913907285
"ID","74",1,0.165562913907285
"ID","75",1,0.165562913907285
"ID","76",1,0.165562913907285
"ID","77",1,0.165562913907285
"ID","78",1,0.165562913907285
"ID","79",1,0.165562913907285
"ID","80",1,0.165562913907285
"ID","81",1,0.165562913907285
"ID","82",1,0.165562913907285
"ID","83",1,0.165562913907285
"ID","84",1,0.165562913907285
"ID","85",1,0.165562913907285
"ID","86",1,0.165562913907285
"ID","87",1,0.165562913907285
"ID","88",1,0.165562913907285
"ID","89",1,0.165562913907285
"ID","90",1,0.165562913907285
"ID","91",1,0.165562913907285
"ID","92",1,0.165562913907285
"ID","93",1,0.165562913907285
"ID","94",1,0.165562913907285
"ID","95",1,0.165562913907285
"ID","96",1,0.165562913907285
"ID","97",1,0.165562913907285
"ID","98",1,0.165562913907285
"ID","99",1,0.165562913907285
"ID","100",1,0.165562913907285
"ID","101",1,0.165562913907285
"ID","102",1,0.165562913907285
"ID","103",1,0.165562913907285
"ID","104",1,0.165562913907285
"ID","105",1,0.165562913907285
"ID","106",1,0.165562913907285
"ID","107",1,0.165562913907285
"ID","108",1,0.165562913907285
"ID","109",1,0.165562913907285
"ID","110",1,0.165562913907285
"ID","111",1,0.165562913907285
"ID","112",1,0.165562913907285
"ID","113",1,0.165562913907285
"ID","114",1,0.165562913907285
"ID","115",1,0.165562913907285
"ID","116",1,0.165562913907285
"ID","117",1,0.165562913907285
"ID","118",1,0.165562913907285
"ID","119",1,0.165562913907285
"ID","120",1,0.165562913907285
"ID","121",1,0.165562913907285
"ID","122",1,0.165562913907285
"ID","123",1,0.165562913907285
"ID","124",1,0.165562913907285
"ID","125",1,0.165562913907285
"ID","126",1,0.165562913907285
"ID","127",1,0.165562913907285
"ID","128",1,0.165562913907285
"ID","129",1,0.165562913907285
"ID","130",1,0.165562913907285
"ID","131",1,0.165562913907285
"ID","132",1,0.165562913907285
"ID","133",1,0.165562913907285
"ID","134",1,0.165562913907285
"ID","135",1,0.165562913907285
"ID","136",1,0.165562913907285
"ID","137",1,0.165562913907285
"ID","138",1,0.165562913907285
"ID","139",1,0.165562913907285
"ID","140",1,0.165562913907285
"ID","141",1,0.165562913907285
"ID","142",1,0.165562913907285
"ID","143",1,0.165562913907285
"ID","144",1,0.165562913907285
"ID","145",1,0.165562913907285
"ID","146",1,0.165562913907285
"ID","147",1,0.165562913907285
"ID","148",1,0.165562913907285
"ID","149",1,0.165562913907285
"ID","150",1,0.165562913907285
"ID","151",1,0.165562913907285
"ID","152",1,0.165562913907285
"ID","153",1,0.165562913907285
"ID","154",1,0.165562913907285
"ID","155",1,0.165562913907285
"ID","156",1,0.165562913907285
"ID","157",1,0.165562913907285
"ID","158",1,0.165562913907285
"ID","159",1,0.165562913907285
"ID","160",1,0.165562913907285
"ID","161",1,0.165562913907285
"ID","162",1,0.165562913907285
"ID","163",1,0.165562913907285
"ID","164",1,0.165562913907285
"ID","165",1,0.165562913907285
"ID","166",1,0.165562913907285
"ID","167",1,0.165562913907285
"ID","168",1,0.165562913907285
"ID","169",1,0.165562913907285
"ID","170",1,0.165562913907285
"ID","171",1,0.165562913907285
"ID","172",1,0.165562913907285
"ID","173",1,0.165562913907285
"ID","174",1,0.165562913907285
"ID","175",1,0.165562913907285
"ID","176",1,0.165562913907285
"ID","177",1,0.165562913907285
"ID","178",1,0.165562913907285
"ID","179",1,0.165562913907285
"ID","180",1,0.165562913907285
"ID","181",1,0.165562913907285
"ID","182",1,0.165562913907285
"ID","183",1,0.165562913907285
"ID","184",1,0.165562913907285
"ID","185",1,0.165562913907285
"ID","186",1,0.165562913907285
"ID","187",1,0.165562913907285
"ID","188",1,0.165562913907285
"ID","189",1,0.165562913907285
"ID","190",1,0.165562913907285
"ID","191",1,0.165562913907285
"ID","192",1,0.165562913907285
"ID","193",1,0.165562913907285
"ID","194",1,0.165562913907285
"ID","195",1,0.165562913907285
"ID","196",1,0.165562913907285
"ID","197",1,0.165562913907285
"ID","198",1,0.165562913907285
"ID","199",1,0.165562913907285
"ID","200",1,0.165562913907285
"ID","201",1,0.165562913907285
"ID","202",1,0.165562913907285
"ID","203",1,0.165562913907285
"ID","204",1,0.165562913907285
"ID","205",1,0.165562913907285
"ID","206",1,0.165562913907285
"ID","207",1,0.165562913907285
"ID","208",1,0.165562913907285
"ID","209",1,0.165562913907285
"ID","210",1,0.165562913907285
"ID","211",1,0.165562913907285
"ID","212",1,0.165562913907285
"ID","213",1,0.165562913907285
"ID","214",1,0.165562913907285
"ID","215",1,0.165562913907285
"ID","216",1,0.165562913907285
"ID","217",1,0.165562913907285
"ID","218",1,0.165562913907285
"ID","219",1,0.165562913907285
"ID","220",1,0.165562913907285
"ID","221",1,0.165562913907285
"ID","222",1,0.165562913907285
"ID","223",1,0.165562913907285
"ID","224",1,0.165562913907285
"ID","225",1,0.165562913907285
"ID","226",1,0.165562913907285
"ID","227",1,0.165562913907285
"ID","228",1,0.165562913907285
"ID","229",1,0.165562913907285
"ID","230",1,0.165562913907285
"ID","231",1,0.165562913907285
"ID","232",1,0.165562913907285
"ID","233",1,0.165562913907285
"ID","234",1,0.165562913907285
"ID","235",1,0.165562913907285
"ID","236",1,0.165562913907285
"ID","237",1,0.165562913907285
"ID","238",1,0.165562913907285
"ID","239",1,0.165562913907285
"ID","240",1,0.165562913907285
"ID","241",1,0.165562913907285
"ID","242",1,0.165562913907285
"ID","243",1,0.165562913907285
"ID","244",1,0.165562913907285
"ID","245",1,0.165562913907285
"ID","246",1,0.165562913907285
"ID","247",1,0.165562913907285
"ID","248",1,0.165562913907285
"ID","249",1,0.165562913907285
"ID","250",1,0.165562913907285
"ID","251",1,0.165562913907285
"ID","252",1,0.165562913907285
"ID","253",1,0.165562913907285
"ID","254",1,0.165562913907285
"ID","255",1,0.165562913907285
"ID","256",1,0.165562913907285
"ID","257",1,0.165562913907285
"ID","258",1,0.165562913907285
"ID","259",1,0.165562913907285
"ID","260",1,0.165562913907285
"ID","261",1,0.165562913907285
"ID","262",1,0.165562913907285
"ID","263",1,0.165562913907285
"ID","264",1,0.165562913907285
"ID","265",1,0.165562913907285
"ID","266",1,0.165562913907285
"ID","267",1,0.165562913907285
"ID","268",1,0.165562913907285
"ID","269",1,0.165562913907285
"ID","270",1,0.165562913907285
"ID","271",1,0.165562913907285
"ID","272",1,0.165562913907285
"ID","273",1,0.165562913907285
"ID","274",1,0.165562913907285
"ID","275",1,0.165562913907285
"ID","276",1,0.165562913907285
"ID","277",1,0.165562913907285
"ID","278",1,0.165562913907285
"ID","279",1,0.165562913907285
"ID","280",1,0.165562913907285
"ID","281",1,0.165562913907285
"ID","282",1,0.165562913907285
"ID","283",1,0.165562913907285
"ID","284",1,0.165562913907285
"ID","285",1,0.165562913907285
"ID","286",1,0.165562913907285
"ID","287",1,0.165562913907285
"ID","288",1,0.165562913907285
"ID","289",1,0.165562913907285
"ID","290",1,0.165562913907285
"ID","291",1,0.165562913907285
"ID","292",1,0.165562913907285
"ID","293",1,0.165562913907285
"ID","294",1,0.165562913907285
"ID","295",1,0.165562913907285
"ID","296",1,0.165562913907285
"ID","297",1,0.165562913907285
"ID","298",1,0.165562913907285
"ID","299",1,0.165562913907285
"ID","300",1,0.165562913907285
"ID","301",1,0.165562913907285
"ID","302",1,0.165562913907285
"ID","303",1,0.165562913907285
"ID","304",1,0.165562913907285
"ID","305",1,0.165562913907285
"ID","306",1,0.165562913907285
"ID","307",1,0.165562913907285
"ID","308",1,0.165562913907285
"ID","309",1,0.165562913907285
"ID","310",1,0.165562913907285
"ID","311",1,0.165562913907285
"ID","312",1,0.165562913907285
"ID","313",1,0.165562913907285
"ID","314",1,0.165562913907285
"ID","315",1,0.165562913907285
"ID","316",1,0.165562913907285
"ID","317",1,0.165562913907285
"ID","318",1,0.165562913907285
"ID","319",1,0.165562913907285
"ID","320",1,0.165562913907285
"ID","321",1,0.165562913907285
"ID","322",1,0.165562913907285
"ID","323",1,0.165562913907285
"ID","324",1,0.165562913907285
"ID","325",1,0.165562913907285
"ID","326",1,0.165562913907285
"ID","327",1,0.165562913907285
"ID","328",1,0.165562913907285
"ID","329",1,0.165562913907285
"ID","330",1,0.165562913907285
"ID","331",1,0.165562913907285
"ID","332",1,0.165562913907285
"ID","333",1,0.165562913907285
"ID","334",1,0.165562913907285
"ID","335",1,0.165562913907285
"ID","336",1,0.165562913907285
"ID","337",1,0.165562913907285
"ID","338",1,0.165562913907285
"ID","339",1,0.165562913907285
"ID","340",1,0.165562913907285
"ID","341",1,0.165562913907285
"ID","342",1,0.165562913907285
"ID","343",1,0.165562913907285
"ID","344",1,0.165562913907285
"ID","345",1,0.165562913907285
"ID","346",1,0.165562913907285
"ID","347",1,0.165562913907285
"ID","348",1,0.165562913907285
"ID","349",1,0.165562913907285
"ID","350",1,0.165562913907285
"ID","351",1,0.165562913907285
"ID","352",1,0.165562913907285
"ID","353",1,0.165562913907285
"ID","354",1,0.165562913907285
"ID","355",1,0.165562913907285
"ID","356",1,0.165562913907285
"ID","357",1,0.165562913907285
"ID","358",1,0.165562913907285
"ID","359",1,0.165562913907285
"ID","360",1,0.165562913907285
"ID","361",1,0.165562913907285
"ID","362",1,0.165562913907285
"ID","363",1,0.165562913907285
"ID","364",1,0.165562913907285
"ID","365",1,0.165562913907285
"ID","366",1,0.165562913907285
"ID","367",1,0.165562913907285
"ID","368",1,0.165562913907285
"ID","369",1,0.165562913907285
"ID","370",1,0.165562913907285
"ID","371",1,0.165562913907285
"ID","372",1,0.165562913907285
"ID","373",1,0.165562913907285
"ID","374",1,0.165562913907285
"ID","375",1,0.165562913907285
"ID","376",1,0.165562913907285
"ID","377",1,0.165562913907285
"ID","378",1,0.165562913907285
"ID","379",1,0.165562913907285
"ID","380",1,0.165562913907285
"ID","381",1,0.165562913907285
"ID","382",1,0.165562913907285
"ID","383",1,0.165562913907285
"ID","384",1,0.165562913907285
"ID","385",1,0.165562913907285
"ID","386",1,0.165562913907285
"ID","387",1,0.165562913907285
"ID","388",1,0.165562913907285
"ID","389",1,0.165562913907285
"ID","390",1,0.165562913907285
"ID","391",1,0.165562913907285
"ID","392",1,0.165562913907285
"ID","393",1,0.165562913907285
"ID","394",1,0.165562913907285
"ID","395",1,0.165562913907285
"ID","396",1,0.165562913907285
"ID","397",1,0.165562913907285
"ID","398",1,0.165562913907285
"ID","399",1,0.165562913907285
"ID","400",1,0.165562913907285
"ID","401",1,0.165562913907285
"ID","402",1,0.165562913907285
"ID","403",1,0.165562913907285
"ID","404",1,0.165562913907285
"ID","405",1,0.165562913907285
"ID","406",1,0.165562913907285
"ID","407",1,0.165562913907285
"ID","408",1,0.165562913907285
"ID","409",1,0.165562913907285
"ID","410",1,0.165562913907285
"ID","411",1,0.165562913907285
"ID","412",1,0.165562913907285
"ID","413",1,0.165562913907285
"ID","414",1,0.165562913907285
"ID","415",1,0.165562913907285
"ID","416",1,0.165562913907285
"ID","417",1,0.165562913907285
"ID","418",1,0.165562913907285
"ID","419",1,0.165562913907285
"ID","420",1,0.165562913907285
"ID","421",1,0.165562913907285
"ID","422",1,0.165562913907285
"ID","423",1,0.165562913907285
"ID","424",1,0.165562913907285
"ID","425",1,0.165562913907285
"ID","426",1,0.165562913907285
"ID","427",1,0.165562913907285
"ID","428",1,0.165562913907285
"ID","429",1,0.165562913907285
"ID","430",1,0.165562913907285
"ID","431",1,0.165562913907285
"ID","432",1,0.165562913907285
"ID","433",1,0.165562913907285
"ID","434",1,0.165562913907285
"ID","435",1,0.165562913907285
"ID","436",1,0.165562913907285
"ID","437",1,0.165562913907285
"ID","438",1,0.165562913907285
"ID","439",1,0.165562913907285
"ID","440",1,0.165562913907285
"ID","441",1,0.165562913907285
"ID","442",1,0.165562913907285
"ID","443",1,0.165562913907285
"ID","444",1,0.165562913907285
"ID","445",1,0.165562913907285
"ID","446",1,0.165562913907285
"ID","447",1,0.165562913907285
"ID","448",1,0.165562913907285
"ID","449",1,0.165562913907285
"ID","450",1,0.165562913907285
"ID","451",1,0.165562913907285
"ID","452",1,0.165562913907285
"ID","453",1,0.165562913907285
"ID","454",1,0.165562913907285
"ID","455",1,0.165562913907285
"ID","456",1,0.165562913907285
"ID","457",1,0.165562913907285
"ID","458",1,0.165562913907285
"ID","459",1,0.165562913907285
"ID","460",1,0.165562913907285
"ID","461",1,0.165562913907285
"ID","462",1,0.165562913907285
"ID","463",1,0.165562913907285
"ID","464",1,0.165562913907285
"ID","465",1,0.165562913907285
"ID","466",1,0.165562913907285
"ID","467",1,0.165562913907285
"ID","468",1,0.165562913907285
"ID","469",1,0.165562913907285
"ID","470",1,0.165562913907285
"ID","471",1,0.165562913907285
"ID","472",1,0.165562913907285
"ID","473",1,0.165562913907285
"ID","474",1,0.165562913907285
"ID","475",1,0.165562913907285
"ID","476",1,0.165562913907285
"ID","477",1,0.165562913907285
"ID","478",1,0.165562913907285
"ID","479",1,0.165562913907285
"ID","480",1,0.165562913907285
"ID","481",1,0.165562913907285
"ID","482",1,0.165562913907285
"ID","483",1,0.165562913907285
"ID","484",1,0.165562913907285
"ID","485",1,0.165562913907285
"ID","486",1,0.165562913907285
"ID","487",1,0.165562913907285
"ID","488",1,0.165562913907285
"ID","489",1,0.165562913907285
"ID","490",1,0.165562913907285
"ID","491",1,0.165562913907285
"ID","492",1,0.165562913907285
"ID","493",1,0.165562913907285
"ID","494",1,0.165562913907285
"ID","495",1,0.165562913907285
"ID","496",1,0.165562913907285
"ID","497",1,0.165562913907285
"ID","498",1,0.165562913907285
"ID","499",1,0.165562913907285
"ID","500",1,0.165562913907285
"ID","501",1,0.165562913907285
"ID","502",1,0.165562913907285
"ID","503",1,0.165562913907285
"ID","504",1,0.165562913907285
"ID","505",1,0.165562913907285
"ID","506",1,0.165562913907285
"ID","507",1,0.165562913907285
"ID","508",1,0.165562913907285
"ID","509",1,0.165562913907285
"ID","510",1,0.165562913907285
"ID","511",1,0.165562913907285
"ID","512",1,0.165562913907285
"ID","513",1,0.165562913907285
"ID","514",1,0.165562913907285
"ID","515",1,0.165562913907285
"ID","516",1,0.165562913907285
"ID","517",1,0.165562913907285
"ID","518",1,0.165562913907285
"ID","519",1,0.165562913907285
"ID","520",1,0.165562913907285
"ID","521",1,0.165562913907285
"ID","522",1,0.165562913907285
"ID","523",1,0.165562913907285
"ID","524",1,0.165562913907285
"ID","525",1,0.165562913907285
"ID","526",1,0.165562913907285
"ID","527",1,0.165562913907285
"ID","528",1,0.165562913907285
"ID","529",1,0.165562913907285
"ID","530",1,0.165562913907285
"ID","531",1,0.165562913907285
"ID","532",1,0.165562913907285
"ID","533",1,0.165562913907285
"ID","534",1,0.165562913907285
"ID","535",1,0.165562913907285
"ID","536",1,0.165562913907285
"ID","537",1,0.165562913907285
"ID","538",1,0.165562913907285
"ID","539",1,0.165562913907285
"ID","540",1,0.165562913907285
"ID","541",1,0.165562913907285
"ID","542",1,0.165562913907285
"ID","543",1,0.165562913907285
"ID","544",1,0.165562913907285
"ID","545",1,0.165562913907285
"ID","546",1,0.165562913907285
"ID","547",1,0.165562913907285
"ID","548",1,0.165562913907285
"ID","549",1,0.165562913907285
"ID","550",1,0.165562913907285
"ID","551",1,0.165562913907285
"ID","552",1,0.165562913907285
"ID","553",1,0.165562913907285
"ID","554",1,0.165562913907285
"ID","555",1,0.165562913907285
"ID","556",1,0.165562913907285
"ID","557",1,0.165562913907285
"ID","558",1,0.165562913907285
"ID","559",1,0.165562913907285
"ID","560",1,0.165562913907285
"ID","561",1,0.165562913907285
"ID","562",1,0.165562913907285
"ID","563",1,0.165562913907285
"ID","564",1,0.165562913907285
"ID","565",1,0.165562913907285
"ID","566",1,0.165562913907285
"ID","567",1,0.165562913907285
"ID","568",1,0.165562913907285
"ID","569",1,0.165562913907285
"ID","570",1,0.165562913907285
"ID","571",1,0.165562913907285
"ID","572",1,0.165562913907285
"ID","573",1,0.165562913907285
"ID","574",1,0.165562913907285
"ID","575",1,0.165562913907285
"ID","576",1,0.165562913907285
"ID","577",1,0.165562913907285
"ID","578",1,0.165562913907285
"ID","579",1,0.165562913907285
"ID","580",1,0.165562913907285
"ID","581",1,0.165562913907285
"ID","582",1,0.165562913907285
"ID","583",1,0.165562913907285
"ID","584",1,0.165562913907285
"ID","585",1,0.165562913907285
"ID","586",1,0.165562913907285
"ID","587",1,0.165562913907285
"ID","588",1,0.165562913907285
"ID","589",1,0.165562913907285
"ID","590",1,0.165562913907285
"ID","591",1,0.165562913907285
"ID","592",1,0.165562913907285
"ID","593",1,0.165562913907285
"ID","594",1,0.165562913907285
"ID","595",1,0.165562913907285
"ID","596",1,0.165562913907285
"ID","597",1,0.165562913907285
"ID","598",1,0.165562913907285
"ID","599",1,0.165562913907285
"ID","600",1,0.165562913907285
"ID","601",1,0.165562913907285
"ID","602",1,0.165562913907285
"ID","603",1,0.165562913907285
"ID","604",1,0.165562913907285
"Em que ano você iniciou seu último curso de pós-graduação stricto sensu na UFMT?","1995",1,0.165562913907285
"Em que ano você iniciou seu último curso de pós-graduação stricto sensu na UFMT?","1997",1,0.165562913907285
"Em que ano você iniciou seu último curso de pós-graduação stricto sensu na UFMT?","2000",1,0.165562913907285
"Em que ano você iniciou seu último curso de pós-graduação stricto sensu na UFMT?","2003",1,0.165562913907285
"Em que ano você iniciou seu último curso de pós-graduação stricto sensu na UFMT?","2004",1,0.165562913907285
"Em que ano você iniciou seu último curso de pós-graduação stricto sensu na UFMT?","2005",1,0.165562913907285
"Em que ano você iniciou seu último curso de pós-graduação stricto sensu na UFMT?","2006",11,1.82119205298013
"Em que ano você iniciou seu último curso de pós-graduação stricto sensu na UFMT?","2007",5,0.827814569536424
"Em que ano você iniciou seu último curso de pós-graduação stricto sensu na UFMT?","2008",10,1.65562913907285
"Em que ano você iniciou seu último curso de pós-graduação stricto sensu na UFMT?","2009",23,3.80794701986755
"Em que ano você iniciou seu último curso de pós-graduação stricto sensu na UFMT?","2010",22,3.64238410596026
"Em que ano você iniciou seu último curso de pós-graduação stricto sensu na UFMT?","2011",25,4.13907284768212
"Em que ano você iniciou seu último curso de pós-graduação stricto sensu na UFMT?","2012",20,3.3112582781457
"Em que ano você iniciou seu último curso de pós-graduação stricto sensu na UFMT?","2013",35,5.79470198675497
"Em que ano você iniciou seu último curso de pós-graduação stricto sensu na UFMT?","2014",26,4.3046357615894
"Em que ano você iniciou seu último curso de pós-graduação stricto sensu na UFMT?","2015",56,9.27152317880795
"Em que ano você iniciou seu último curso de pós-graduação stricto sensu na UFMT?","2016",41,6.78807947019868
"Em que ano você iniciou seu último curso de pós-graduação stricto sensu na UFMT?","2017",60,9.93377483443709
"Em que ano você iniciou seu último curso de pós-graduação stricto sensu na UFMT?","2018",67,11.0927152317881
"Em que ano você iniciou seu último curso de pós-graduação stricto sensu na UFMT?","2019",73,12.0860927152318
"Em que ano você iniciou seu último curso de pós-graduação stricto sensu na UFMT?","2020",54,8.94039735099338
"Em que ano você iniciou seu último curso de pós-graduação stricto sensu na UFMT?","2021",37,6.12582781456954
"Em que ano você iniciou seu último curso de pós-graduação stricto sensu na UFMT?","2022",24,3.97350993377483
"Em que ano você iniciou seu último curso de pós-graduação stricto sensu na UFMT?","2023",8,1.32450331125828
"Em que ano você iniciou seu último curso de pós-graduação stricto sensu na UFMT?","2024",1,0.165562913907285
"Evadiu","0",524,86.7549668874172
"Evadiu","1",80,13.2450331125828
"Em que ano concluiu seu curso de pós-graduação? Caso tenha sido desligado, informe o ano em que ocorreu o desligamento","1997",1,0.165562913907285
"Em que ano concluiu seu curso de pós-graduação? Caso tenha sido desligado, informe o ano em que ocorreu o desligamento","2000",1,0.165562913907285
"Em que ano concluiu seu curso de pós-graduação? Caso tenha sido desligado, informe o ano em que ocorreu o desligamento","2002",1,0.165562913907285
"Em que ano concluiu seu curso de pós-graduação? Caso tenha sido desligado, informe o ano em que ocorreu o desligamento","2003",1,0.165562913907285
"Em que ano concluiu seu curso de pós-graduação? Caso tenha sido desligado, informe o ano em que ocorreu o desligamento","2004",1,0.165562913907285
"Em que ano concluiu seu curso de pós-graduação? Caso tenha sido desligado, informe o ano em que ocorreu o desligamento","2005",1,0.165562913907285
"Em que ano concluiu seu curso de pós-graduação? Caso tenha sido desligado, informe o ano em que ocorreu o desligamento","2006",3,0.496688741721854
"Em que ano concluiu seu curso de pós-graduação? Caso tenha sido desligado, informe o ano em que ocorreu o desligamento","2007",1,0.165562913907285
"Em que ano concluiu seu curso de pós-graduação? Caso tenha sido desligado, informe o ano em que ocorreu o desligamento","2008",6,0.993377483443709
"Em que ano concluiu seu curso de pós-graduação? Caso tenha sido desligado, informe o ano em que ocorreu o desligamento","2009",9,1.49006622516556
"Em que ano concluiu seu curso de pós-graduação? Caso tenha sido desligado, informe o ano em que ocorreu o desligamento","2010",14,2.31788079470199
"Em que ano concluiu seu curso de pós-graduação? Caso tenha sido desligado, informe o ano em que ocorreu o desligamento","2011",18,2.98013245033113
"Em que ano concluiu seu curso de pós-graduação? Caso tenha sido desligado, informe o ano em que ocorreu o desligamento","2012",23,3.80794701986755
"Em que ano concluiu seu curso de pós-graduação? Caso tenha sido desligado, informe o ano em que ocorreu o desligamento","2013",24,3.97350993377483
"Em que ano concluiu seu curso de pós-graduação? Caso tenha sido desligado, informe o ano em que ocorreu o desligamento","2014",18,2.98013245033113
"Em que ano concluiu seu curso de pós-graduação? Caso tenha sido desligado, informe o ano em que ocorreu o desligamento","2015",31,5.13245033112583
"Em que ano concluiu seu curso de pós-graduação? Caso tenha sido desligado, informe o ano em que ocorreu o desligamento","2016",28,4.63576158940397
"Em que ano concluiu seu curso de pós-graduação? Caso tenha sido desligado, informe o ano em que ocorreu o desligamento","2017",42,6.95364238410596
"Em que ano concluiu seu curso de pós-graduação? Caso tenha sido desligado, informe o ano em que ocorreu o desligamento","2018",42,6.95364238410596
"Em que ano concluiu seu curso de pós-graduação? Caso tenha sido desligado, informe o ano em que ocorreu o desligamento","2019",65,10.7615894039735
"Em que ano concluiu seu curso de pós-graduação? Caso tenha sido desligado, informe o ano em que ocorreu o desligamento","2020",55,9.10596026490066
"Em que ano concluiu seu curso de pós-graduação? Caso tenha sido desligado, informe o ano em que ocorreu o desligamento","2021",63,10.4304635761589
"Em que ano concluiu seu curso de pós-graduação? Caso tenha sido desligado, informe o ano em que ocorreu o desligamento","2022",71,11.7549668874172
"Em que ano concluiu seu curso de pós-graduação? Caso tenha sido desligado, informe o ano em que ocorreu o desligamento","2023",61,10.0993377483444
"Em que ano concluiu seu curso de pós-graduação? Caso tenha sido desligado, informe o ano em que ocorreu o desligamento","2024",24,3.97350993377483
"Como você classificaria seu nível de desempenho acadêmico ao longo do curso de pós-graduação?","1",4,0.662251655629139
"Como você classificaria seu nível de desempenho acadêmico ao longo do curso de pós-graduação?","2",7,1.15894039735099
"Como você classificaria seu nível de desempenho acadêmico ao longo do curso de pós-graduação?","3",125,20.6953642384106
"Como você classificaria seu nível de desempenho acadêmico ao longo do curso de pós-graduação?","4",255,42.2185430463576
"Como você classificaria seu nível de desempenho acadêmico ao longo do curso de pós-graduação?","5",213,35.2649006622517
"Qual o seu nível de satisfação com a didática dos docentes em classe?","1",17,2.81456953642384
"Qual o seu nível de satisfação com a didática dos docentes em classe?","2",44,7.28476821192053
"Qual o seu nível de satisfação com a didática dos docentes em classe?","3",218,36.0927152317881
"Qual o seu nível de satisfação com a didática dos docentes em classe?","4",229,37.9139072847682
"Qual o seu nível de satisfação com a didática dos docentes em classe?","5",96,15.8940397350993
"Como você classificaria a disponibilidade dos docentes para responder às dúvidas dos discentes durante o curso de pós-graduação?","1",14,2.31788079470199
"Como você classificaria a disponibilidade dos docentes para responder às dúvidas dos discentes durante o curso de pós-graduação?","2",37,6.12582781456954
"Como você classificaria a disponibilidade dos docentes para responder às dúvidas dos discentes durante o curso de pós-graduação?","3",181,29.9668874172185
"Como você classificaria a disponibilidade dos docentes para responder às dúvidas dos discentes durante o curso de pós-graduação?","4",227,37.5827814569536
"Como você classificaria a disponibilidade dos docentes para responder às dúvidas dos discentes durante o curso de pós-graduação?","5",145,24.0066225165563
"De forma geral, como você avalia o nível de suporte recebido do seu orientador durante a realização de sua dissertação/tese de pós-graduação?","1",32,5.29801324503311
"De forma geral, como você avalia o nível de suporte recebido do seu orientador durante a realização de sua dissertação/tese de pós-graduação?","2",44,7.28476821192053
"De forma geral, como você avalia o nível de suporte recebido do seu orientador durante a realização de sua dissertação/tese de pós-graduação?","3",98,16.2251655629139
"De forma geral, como você avalia o nível de suporte recebido do seu orientador durante a realização de sua dissertação/tese de pós-graduação?","4",159,26.3245033112583
"De forma geral, como você avalia o nível de suporte recebido do seu orientador durante a realização de sua dissertação/tese de pós-graduação?","5",271,44.8675496688742
"Qual o seu nível de satisfação com a acessibilidade, qualidade e eficácia dos materiais didáticos e recursos de aprendizagem oferecidos em seu curso de pós-graduação?","1",16,2.64900662251656
"Qual o seu nível de satisfação com a acessibilidade, qualidade e eficácia dos materiais didáticos e recursos de aprendizagem oferecidos em seu curso de pós-graduação?","2",36,5.96026490066225
"Qual o seu nível de satisfação com a acessibilidade, qualidade e eficácia dos materiais didáticos e recursos de aprendizagem oferecidos em seu curso de pós-graduação?","3",246,40.7284768211921
"Qual o seu nível de satisfação com a acessibilidade, qualidade e eficácia dos materiais didáticos e recursos de aprendizagem oferecidos em seu curso de pós-graduação?","4",221,36.5894039735099
"Qual o seu nível de satisfação com a acessibilidade, qualidade e eficácia dos materiais didáticos e recursos de aprendizagem oferecidos em seu curso de pós-graduação?","5",85,14.0728476821192
"Como você descreveria sua frequência de participação em atividades acadêmicas extracurriculares (como seminários, workshops e outros eventos) durante o seu curso de pós-graduação?","1",22,3.64238410596026
"Como você descreveria sua frequência de participação em atividades acadêmicas extracurriculares (como seminários, workshops e outros eventos) durante o seu curso de pós-graduação?","2",57,9.43708609271523
"Como você descreveria sua frequência de participação em atividades acadêmicas extracurriculares (como seminários, workshops e outros eventos) durante o seu curso de pós-graduação?","3",182,30.1324503311258
"Como você descreveria sua frequência de participação em atividades acadêmicas extracurriculares (como seminários, workshops e outros eventos) durante o seu curso de pós-graduação?","4",199,32.9470198675497
"Como você descreveria sua frequência de participação em atividades acadêmicas extracurriculares (como seminários, workshops e outros eventos) durante o seu curso de pós-graduação?","5",144,23.841059602649
"Como você avalia as oportunidades de colaboração entre alunos, como trabalhos em grupo ou projetos de pesquisa, no seu programa de pós-graduação?","1",203,33.6092715231788
"Como você avalia as oportunidades de colaboração entre alunos, como trabalhos em grupo ou projetos de pesquisa, no seu programa de pós-graduação?","2",224,37.0860927152318
"Como você avalia as oportunidades de colaboração entre alunos, como trabalhos em grupo ou projetos de pesquisa, no seu programa de pós-graduação?","3",72,11.9205298013245
"Como você avalia as oportunidades de colaboração entre alunos, como trabalhos em grupo ou projetos de pesquisa, no seu programa de pós-graduação?","4",84,13.9072847682119
"Como você avalia as oportunidades de colaboração entre alunos, como trabalhos em grupo ou projetos de pesquisa, no seu programa de pós-graduação?","5",21,3.47682119205298
"Como você avalia seu nível de interação com colegas dentro do ambiente acadêmico do seu programa de pós-graduação?","1",8,1.32450331125828
"Como você avalia seu nível de interação com colegas dentro do ambiente acadêmico do seu programa de pós-graduação?","2",53,8.77483443708609
"Como você avalia seu nível de interação com colegas dentro do ambiente acadêmico do seu programa de pós-graduação?","3",149,24.6688741721854
"Como você avalia seu nível de interação com colegas dentro do ambiente acadêmico do seu programa de pós-graduação?","4",265,43.8741721854305
"Como você avalia seu nível de interação com colegas dentro do ambiente acadêmico do seu programa de pós-graduação?","5",129,21.3576158940397
"Como você avalia seu nível de integração e participação em atividades sociais com colegas do seu programa de pós-graduação, realizadas fora do ambiente acadêmico?","1",58,9.60264900662252
"Como você avalia seu nível de integração e participação em atividades sociais com colegas do seu programa de pós-graduação, realizadas fora do ambiente acadêmico?","2",150,24.8344370860927
"Como você avalia seu nível de integração e participação em atividades sociais com colegas do seu programa de pós-graduação, realizadas fora do ambiente acadêmico?","3",192,31.7880794701987
"Como você avalia seu nível de integração e participação em atividades sociais com colegas do seu programa de pós-graduação, realizadas fora do ambiente acadêmico?","4",142,23.5099337748344
"Como você avalia seu nível de integração e participação em atividades sociais com colegas do seu programa de pós-graduação, realizadas fora do ambiente acadêmico?","5",62,10.2649006622517
"Como você avalia a liberdade de expressar suas opiniões no ambiente acadêmico do seu programa de pós-graduação?","1",35,5.79470198675497
"Como você avalia a liberdade de expressar suas opiniões no ambiente acadêmico do seu programa de pós-graduação?","2",86,14.2384105960265
"Como você avalia a liberdade de expressar suas opiniões no ambiente acadêmico do seu programa de pós-graduação?","3",149,24.6688741721854
"Como você avalia a liberdade de expressar suas opiniões no ambiente acadêmico do seu programa de pós-graduação?","4",209,34.6026490066225
"Como você avalia a liberdade de expressar suas opiniões no ambiente acadêmico do seu programa de pós-graduação?","5",125,20.6953642384106
"Durante o seu curso de pós-graduação, com que frequência você socializou com colegas em momentos de lanches e refeições?","1",61,10.0993377483444
"Durante o seu curso de pós-graduação, com que frequência você socializou com colegas em momentos de lanches e refeições?","2",62,10.2649006622517
"Durante o seu curso de pós-graduação, com que frequência você socializou com colegas em momentos de lanches e refeições?","3",158,26.158940397351
"Durante o seu curso de pós-graduação, com que frequência você socializou com colegas em momentos de lanches e refeições?","4",182,30.1324503311258
"Durante o seu curso de pós-graduação, com que frequência você socializou com colegas em momentos de lanches e refeições?","5",141,23.3443708609272
"No decorrer do seu programa de pós-graduação, com que frequência você testemunhou ou sofreu alguma forma de assédio, entendido como condutas indesejadas de natureza física, verbal ou psicológica, que visaram ou resultaram em ofensa ou humilhação?","1",315,52.1523178807947
"No decorrer do seu programa de pós-graduação, com que frequência você testemunhou ou sofreu alguma forma de assédio, entendido como condutas indesejadas de natureza física, verbal ou psicológica, que visaram ou resultaram em ofensa ou humilhação?","2",117,19.3708609271523
"No decorrer do seu programa de pós-graduação, com que frequência você testemunhou ou sofreu alguma forma de assédio, entendido como condutas indesejadas de natureza física, verbal ou psicológica, que visaram ou resultaram em ofensa ou humilhação?","3",40,6.62251655629139
"No decorrer do seu programa de pós-graduação, com que frequência você testemunhou ou sofreu alguma forma de assédio, entendido como condutas indesejadas de natureza física, verbal ou psicológica, que visaram ou resultaram em ofensa ou humilhação?","4",84,13.9072847682119
"No decorrer do seu programa de pós-graduação, com que frequência você testemunhou ou sofreu alguma forma de assédio, entendido como condutas indesejadas de natureza física, verbal ou psicológica, que visaram ou resultaram em ofensa ou humilhação?","5",48,7.94701986754967
"Em que medida a escolha desta instituição específica se alinhou com seus planos de carreira?","1",29,4.80132450331126
"Em que medida a escolha desta instituição específica se alinhou com seus planos de carreira?","2",21,3.47682119205298
"Em que medida a escolha desta instituição específica se alinhou com seus planos de carreira?","3",114,18.8741721854305
"Em que medida a escolha desta instituição específica se alinhou com seus planos de carreira?","4",254,42.0529801324503
"Em que medida a escolha desta instituição específica se alinhou com seus planos de carreira?","5",186,30.794701986755
"Em que medida a oferta de cursos nesta área influenciou sua escolha por esta instituição?","1",17,2.81456953642384
"Em que medida a oferta de cursos nesta área influenciou sua escolha por esta instituição?","2",29,4.80132450331126
"Em que medida a oferta de cursos nesta área influenciou sua escolha por esta instituição?","3",170,28.1456953642384
"Em que medida a oferta de cursos nesta área influenciou sua escolha por esta instituição?","4",208,34.4370860927152
"Em que medida a oferta de cursos nesta área influenciou sua escolha por esta instituição?","5",180,29.8013245033113
"Como você avaliaria os custos indiretos (moradia, transporte, material didático, custo de vida) associados a estudar nesta instituição, em comparação com outras escolhas?","1",113,18.7086092715232
"Como você avaliaria os custos indiretos (moradia, transporte, material didático, custo de vida) associados a estudar nesta instituição, em comparação com outras escolhas?","2",85,14.0728476821192
"Como você avaliaria os custos indiretos (moradia, transporte, material didático, custo de vida) associados a estudar nesta instituição, em comparação com outras escolhas?","3",53,8.77483443708609
"Como você avaliaria os custos indiretos (moradia, transporte, material didático, custo de vida) associados a estudar nesta instituição, em comparação com outras escolhas?","4",281,46.523178807947
"Como você avaliaria os custos indiretos (moradia, transporte, material didático, custo de vida) associados a estudar nesta instituição, em comparação com outras escolhas?","5",72,11.9205298013245
"Qual a probabilidade de você recomendar esta instituição para futuros estudantes de pós-graduação?","1",18,2.98013245033113
"Qual a probabilidade de você recomendar esta instituição para futuros estudantes de pós-graduação?","2",21,3.47682119205298
"Qual a probabilidade de você recomendar esta instituição para futuros estudantes de pós-graduação?","3",118,19.5364238410596
"Qual a probabilidade de você recomendar esta instituição para futuros estudantes de pós-graduação?","4",178,29.4701986754967
"Qual a probabilidade de você recomendar esta instituição para futuros estudantes de pós-graduação?","5",269,44.5364238410596
"Qual o seu nível de satisfação com a eficácia da comunicação entre a coordenação do curso e os estudantes?","1",26,4.3046357615894
"Qual o seu nível de satisfação com a eficácia da comunicação entre a coordenação do curso e os estudantes?","2",46,7.6158940397351
"Qual o seu nível de satisfação com a eficácia da comunicação entre a coordenação do curso e os estudantes?","3",132,21.8543046357616
"Qual o seu nível de satisfação com a eficácia da comunicação entre a coordenação do curso e os estudantes?","4",225,37.2516556291391
"Qual o seu nível de satisfação com a eficácia da comunicação entre a coordenação do curso e os estudantes?","5",175,28.9735099337748
"Como você avalia a qualidade e adequação da infraestrutura física da instituição (prédios, laboratórios, salas de aula, espaços de convivência) para atender às necessidades acadêmicas dos alunos?","1",35,5.79470198675497
"Como você avalia a qualidade e adequação da infraestrutura física da instituição (prédios, laboratórios, salas de aula, espaços de convivência) para atender às necessidades acadêmicas dos alunos?","2",89,14.7350993377483
"Como você avalia a qualidade e adequação da infraestrutura física da instituição (prédios, laboratórios, salas de aula, espaços de convivência) para atender às necessidades acadêmicas dos alunos?","3",224,37.0860927152318
"Como você avalia a qualidade e adequação da infraestrutura física da instituição (prédios, laboratórios, salas de aula, espaços de convivência) para atender às necessidades acadêmicas dos alunos?","4",210,34.7682119205298
"Como você avalia a qualidade e adequação da infraestrutura física da instituição (prédios, laboratórios, salas de aula, espaços de convivência) para atender às necessidades acadêmicas dos alunos?","5",46,7.6158940397351
"Durante o seu curso de pós-graduação, como você classificaria sua intenção de buscar futuras oportunidades educacionais, como doutorado, pós-doutorado ou formações adicionais em sua área?","1",210,34.7682119205298
"Durante o seu curso de pós-graduação, como você classificaria sua intenção de buscar futuras oportunidades educacionais, como doutorado, pós-doutorado ou formações adicionais em sua área?","2",134,22.1854304635762
"Durante o seu curso de pós-graduação, como você classificaria sua intenção de buscar futuras oportunidades educacionais, como doutorado, pós-doutorado ou formações adicionais em sua área?","3",160,26.4900662251656
"Durante o seu curso de pós-graduação, como você classificaria sua intenção de buscar futuras oportunidades educacionais, como doutorado, pós-doutorado ou formações adicionais em sua área?","4",27,4.47019867549669
"Durante o seu curso de pós-graduação, como você classificaria sua intenção de buscar futuras oportunidades educacionais, como doutorado, pós-doutorado ou formações adicionais em sua área?","5",73,12.0860927152318
"Durante o curso de pós-graduação, como descreveria sua disposição ou interesse em trabalhar na área do curso?","1",192,31.7880794701987
"Durante o curso de pós-graduação, como descreveria sua disposição ou interesse em trabalhar na área do curso?","2",290,48.0132450331126
"Durante o curso de pós-graduação, como descreveria sua disposição ou interesse em trabalhar na área do curso?","3",29,4.80132450331126
"Durante o curso de pós-graduação, como descreveria sua disposição ou interesse em trabalhar na área do curso?","4",8,1.32450331125828
"Durante o curso de pós-graduação, como descreveria sua disposição ou interesse em trabalhar na área do curso?","5",85,14.0728476821192
"Em que nível o programa de pós-graduação atendeu às suas expectativas no desenvolvimento de suas competências?","1",20,3.3112582781457
"Em que nível o programa de pós-graduação atendeu às suas expectativas no desenvolvimento de suas competências?","2",60,9.93377483443709
"Em que nível o programa de pós-graduação atendeu às suas expectativas no desenvolvimento de suas competências?","3",146,24.1721854304636
"Em que nível o programa de pós-graduação atendeu às suas expectativas no desenvolvimento de suas competências?","4",267,44.205298013245
"Em que nível o programa de pós-graduação atendeu às suas expectativas no desenvolvimento de suas competências?","5",111,18.3774834437086
"No início dos estudos, qual era seu nível de intenção de completar o curso?","1",1,0.165562913907285
"No início dos estudos, qual era seu nível de intenção de completar o curso?","2",2,0.33112582781457
"No início dos estudos, qual era seu nível de intenção de completar o curso?","3",13,2.1523178807947
"No início dos estudos, qual era seu nível de intenção de completar o curso?","4",114,18.8741721854305
"No início dos estudos, qual era seu nível de intenção de completar o curso?","5",474,78.476821192053
"Durante a pós-graduação, como você avaliaria a relevância do curso para sua carreira profissional?","1",14,2.31788079470199
"Durante a pós-graduação, como você avaliaria a relevância do curso para sua carreira profissional?","2",17,2.81456953642384
"Durante a pós-graduação, como você avaliaria a relevância do curso para sua carreira profissional?","3",92,15.2317880794702
"Durante a pós-graduação, como você avaliaria a relevância do curso para sua carreira profissional?","4",209,34.6026490066225
"Durante a pós-graduação, como você avaliaria a relevância do curso para sua carreira profissional?","5",272,45.0331125827815
"evadido","0",524,86.7549668874172
"evadido","1",80,13.2450331125828
"Idade no ingresso","0",13,2.1523178807947
"Idade no ingresso","21",2,0.33112582781457
"Idade no ingresso","22",12,1.98675496688742
"Idade no ingresso","23",31,5.13245033112583
"Idade no ingresso","24",35,5.79470198675497
"Idade no ingresso","25",39,6.45695364238411
"Idade no ingresso","26",51,8.44370860927152
"Idade no ingresso","27",34,5.62913907284768
"Idade no ingresso","28",25,4.13907284768212
"Idade no ingresso","29",30,4.96688741721854
"Idade no ingresso","30",35,5.79470198675497
"Idade no ingresso","31",34,5.62913907284768
"Idade no ingresso","32",23,3.80794701986755
"Idade no ingresso","33",28,4.63576158940397
"Idade no ingresso","34",23,3.80794701986755
"Idade no ingresso","35",18,2.98013245033113
"Idade no ingresso","36",13,2.1523178807947
"Idade no ingresso","37",19,3.14569536423841
"Idade no ingresso","38",13,2.1523178807947
"Idade no ingresso","39",14,2.31788079470199
"Idade no ingresso","40",11,1.82119205298013
"Idade no ingresso","41",9,1.49006622516556
"Idade no ingresso","42",8,1.32450331125828
"Idade no ingresso","43",14,2.31788079470199
"Idade no ingresso","44",9,1.49006622516556
"Idade no ingresso","45",5,0.827814569536424
"Idade no ingresso","46",8,1.32450331125828
"Idade no ingresso","47",6,0.993377483443709
"Idade no ingresso","48",3,0.496688741721854
"Idade no ingresso","49",2,0.33112582781457
"Idade no ingresso","50",10,1.65562913907285
"Idade no ingresso","51",5,0.827814569536424
"Idade no ingresso","52",4,0.662251655629139
"Idade no ingresso","53",1,0.165562913907285
"Idade no ingresso","54",2,0.33112582781457
"Idade no ingresso","55",3,0.496688741721854
"Idade no ingresso","57",3,0.496688741721854
"Idade no ingresso","58",1,0.165562913907285
"Idade no ingresso","59",4,0.662251655629139
"Idade no ingresso","60",1,0.165562913907285
"Idade no ingresso","61",1,0.165562913907285
"Idade no ingresso","62",1,0.165562913907285
"Idade no ingresso","65",1,0.165562913907285
"Caso tenha mantido vínculo empregatício (trabalhando ou não), qual categoria melhor descreve seu ambiente de trabalho? Marque todas que se aplicam_Desempregado","0",597,98.841059602649
"Caso tenha mantido vínculo empregatício (trabalhando ou não), qual categoria melhor descreve seu ambiente de trabalho? Marque todas que se aplicam_Desempregado","1",7,1.15894039735099
"Caso tenha mantido vínculo empregatício (trabalhando ou não), qual categoria melhor descreve seu ambiente de trabalho? Marque todas que se aplicam_Iniciativa privada","0",472,78.1456953642384
"Caso tenha mantido vínculo empregatício (trabalhando ou não), qual categoria melhor descreve seu ambiente de trabalho? Marque todas que se aplicam_Iniciativa privada","1",132,21.8543046357616
"Caso tenha mantido vínculo empregatício (trabalhando ou não), qual categoria melhor descreve seu ambiente de trabalho? Marque todas que se aplicam_Organizações Não Governamentais (ONGs)","0",595,98.5099337748344
"Caso tenha mantido vínculo empregatício (trabalhando ou não), qual categoria melhor descreve seu ambiente de trabalho? Marque todas que se aplicam_Organizações Não Governamentais (ONGs)","1",9,1.49006622516556
"Caso tenha mantido vínculo empregatício (trabalhando ou não), qual categoria melhor descreve seu ambiente de trabalho? Marque todas que se aplicam_Parceria público-privada","0",595,98.5099337748344
"Caso tenha mantido vínculo empregatício (trabalhando ou não), qual categoria melhor descreve seu ambiente de trabalho? Marque todas que se aplicam_Parceria público-privada","1",9,1.49006622516556
"Caso tenha mantido vínculo empregatício (trabalhando ou não), qual categoria melhor descreve seu ambiente de trabalho? Marque todas que se aplicam_Trabalhador autônomo","0",554,91.7218543046358
"Caso tenha mantido vínculo empregatício (trabalhando ou não), qual categoria melhor descreve seu ambiente de trabalho? Marque todas que se aplicam_Trabalhador autônomo","1",50,8.27814569536424
"Caso tenha mantido vínculo empregatício (trabalhando ou não), qual categoria melhor descreve seu ambiente de trabalho? Marque todas que se aplicam_Setor público","0",273,45.1986754966887
"Caso tenha mantido vínculo empregatício (trabalhando ou não), qual categoria melhor descreve seu ambiente de trabalho? Marque todas que se aplicam_Setor público","1",331,54.8013245033113
"Caso tenha mantido vínculo empregatício (trabalhando ou não), qual categoria melhor descreve seu ambiente de trabalho? Marque todas que se aplicam_Não teve vínculo (bolsista)","0",468,77.4834437086093
"Caso tenha mantido vínculo empregatício (trabalhando ou não), qual categoria melhor descreve seu ambiente de trabalho? Marque todas que se aplicam_Não teve vínculo (bolsista)","1",136,22.5165562913907
"Caso tenha mantido vínculo empregatício (trabalhando ou não), qual categoria melhor descreve seu ambiente de trabalho? Marque todas que se aplicam_NA","0",602,99.6688741721854
"Caso tenha mantido vínculo empregatício (trabalhando ou não), qual categoria melhor descreve seu ambiente de trabalho? Marque todas que se aplicam_NA","1",2,0.33112582781457
"Apresenta alguma deficiência ou transtorno? Marque todos que se aplicam_Deficiência Auditiva","0",597,98.841059602649
"Apresenta alguma deficiência ou transtorno? Marque todos que se aplicam_Deficiência Auditiva","1",7,1.15894039735099
"Apresenta alguma deficiência ou transtorno? Marque todos que se aplicam_Transtorno do Déficit de Atenção com Hiperatividade","0",597,98.841059602649
"Apresenta alguma deficiência ou transtorno? Marque todos que se aplicam_Transtorno do Déficit de Atenção com Hiperatividade","1",7,1.15894039735099
"Apresenta alguma deficiência ou transtorno? Marque todos que se aplicam_Deficiência Física","0",596,98.6754966887417
"Apresenta alguma deficiência ou transtorno? Marque todos que se aplicam_Deficiência Física","1",8,1.32450331125828
"Apresenta alguma deficiência ou transtorno? Marque todos que se aplicam_Deficiência Intelectual","0",602,99.6688741721854
"Apresenta alguma deficiência ou transtorno? Marque todos que se aplicam_Deficiência Intelectual","1",2,0.33112582781457
"Apresenta alguma deficiência ou transtorno? Marque todos que se aplicam_Deficiência Visual","0",588,97.3509933774834
"Apresenta alguma deficiência ou transtorno? Marque todos que se aplicam_Deficiência Visual","1",16,2.64900662251656
"Apresenta alguma deficiência ou transtorno? Marque todos que se aplicam_Não, nenhuma deficiência ou transtorno","0",50,8.27814569536424
"Apresenta alguma deficiência ou transtorno? Marque todos que se aplicam_Não, nenhuma deficiência ou transtorno","1",554,91.7218543046358
"Apresenta alguma deficiência ou transtorno? Marque todos que se aplicam_Depressão","0",603,99.8344370860927
"Apresenta alguma deficiência ou transtorno? Marque todos que se aplicam_Depressão","1",1,0.165562913907285
"Apresenta alguma deficiência ou transtorno? Marque todos que se aplicam_Transtorno de Ansiedade Generalizada","0",601,99.5033112582781
"Apresenta alguma deficiência ou transtorno? Marque todos que se aplicam_Transtorno de Ansiedade Generalizada","1",3,0.496688741721854
"Apresenta alguma deficiência ou transtorno? Marque todos que se aplicam_Epilepsia","0",603,99.8344370860927
"Apresenta alguma deficiência ou transtorno? Marque todos que se aplicam_Epilepsia","1",1,0.165562913907285
"Apresenta alguma deficiência ou transtorno? Marque todos que se aplicam_Transtorno Afetivo Bipolar","0",599,99.1721854304636
"Apresenta alguma deficiência ou transtorno? Marque todos que se aplicam_Transtorno Afetivo Bipolar","1",5,0.827814569536424
"Apresenta alguma deficiência ou transtorno? Marque todos que se aplicam_Transtorno do Espectro Autista","0",595,98.5099337748344
"Apresenta alguma deficiência ou transtorno? Marque todos que se aplicam_Transtorno do Espectro Autista","1",9,1.49006622516556
"area_conhecimento_curso_Ciências agrárias","0",519,85.9271523178808
"area_conhecimento_curso_Ciências agrárias","1",85,14.0728476821192
"area_conhecimento_curso_Ciências biológicas","0",558,92.3841059602649
"area_conhecimento_curso_Ciências biológicas","1",46,7.6158940397351
"area_conhecimento_curso_Ciências da saúde","0",509,84.271523178808
"area_conhecimento_curso_Ciências da saúde","1",95,15.7284768211921
"area_conhecimento_curso_Ciências exatas e da terra","0",567,93.8741721854305
"area_conhecimento_curso_Ciências exatas e da terra","1",37,6.12582781456954
"area_conhecimento_curso_Ciências humanas","0",459,75.9933774834437
"area_conhecimento_curso_Ciências humanas","1",145,24.0066225165563
"area_conhecimento_curso_Ciências sociais aplicadas","0",550,91.0596026490066
"area_conhecimento_curso_Ciências sociais aplicadas","1",54,8.94039735099338
"area_conhecimento_curso_Engenharias","0",592,98.0132450331126
"area_conhecimento_curso_Engenharias","1",12,1.98675496688742
"area_conhecimento_curso_Linguística, letras e artes","0",581,96.1920529801324
"area_conhecimento_curso_Linguística, letras e artes","1",23,3.80794701986755
"area_conhecimento_curso_Multidisciplinar","0",497,82.2847682119205
"area_conhecimento_curso_Multidisciplinar","1",107,17.7152317880795
"Qual é o nível acadêmico do seu curso de pós-graduação stricto sensu mais recente realizado na UFMT?_Doutorado (Acadêmico)","0",488,80.794701986755
"Qual é o nível acadêmico do seu curso de pós-graduação stricto sensu mais recente realizado na UFMT?_Doutorado (Acadêmico)","1",116,19.205298013245
"Qual é o nível acadêmico do seu curso de pós-graduação stricto sensu mais recente realizado na UFMT?_Mestrado (Acadêmico)","0",188,31.1258278145695
"Qual é o nível acadêmico do seu curso de pós-graduação stricto sensu mais recente realizado na UFMT?_Mestrado (Acadêmico)","1",416,68.8741721854305
"Qual é o nível acadêmico do seu curso de pós-graduação stricto sensu mais recente realizado na UFMT?_Mestrado (Profissional)","0",538,89.0728476821192
"Qual é o nível acadêmico do seu curso de pós-graduação stricto sensu mais recente realizado na UFMT?_Mestrado (Profissional)","1",66,10.9271523178808
"Qual é o nível acadêmico do seu curso de pós-graduação stricto sensu mais recente realizado na UFMT?_NA","0",598,99.0066225165563
"Qual é o nível acadêmico do seu curso de pós-graduação stricto sensu mais recente realizado na UFMT?_NA","1",6,0.993377483443709
"Em qual campus da UFMT você cursou seu último programa de pós-graduação stricto sensu?_Barra do Garças","0",576,95.364238410596
"Em qual campus da UFMT você cursou seu último programa de pós-graduação stricto sensu?_Barra do Garças","1",28,4.63576158940397
"Em qual campus da UFMT você cursou seu último programa de pós-graduação stricto sensu?_Cuiabá","0",106,17.5496688741722
"Em qual campus da UFMT você cursou seu último programa de pós-graduação stricto sensu?_Cuiabá","1",498,82.4503311258278
"Em qual campus da UFMT você cursou seu último programa de pós-graduação stricto sensu?_Em rede","0",602,99.6688741721854
"Em qual campus da UFMT você cursou seu último programa de pós-graduação stricto sensu?_Em rede","1",2,0.33112582781457
"Em qual campus da UFMT você cursou seu último programa de pós-graduação stricto sensu?_Rondonópolis","0",575,95.1986754966888
"Em qual campus da UFMT você cursou seu último programa de pós-graduação stricto sensu?_Rondonópolis","1",29,4.80132450331126
"Em qual campus da UFMT você cursou seu último programa de pós-graduação stricto sensu?_Sinop","0",558,92.3841059602649
"Em qual campus da UFMT você cursou seu último programa de pós-graduação stricto sensu?_Sinop","1",46,7.6158940397351
"Em qual campus da UFMT você cursou seu último programa de pós-graduação stricto sensu?_NA","0",603,99.8344370860927
"Em qual campus da UFMT você cursou seu último programa de pós-graduação stricto sensu?_NA","1",1,0.165562913907285
"Você fez uso de algum período de prorrogação de prazo para o término do seu curso de pós-graduação? Se sim, qual foi o período de prorrogação utilizado?_Não prorroguei o período de curso","0",214,35.4304635761589
"Você fez uso de algum período de prorrogação de prazo para o término do seu curso de pós-graduação? Se sim, qual foi o período de prorrogação utilizado?_Não prorroguei o período de curso","1",390,64.5695364238411
"Você fez uso de algum período de prorrogação de prazo para o término do seu curso de pós-graduação? Se sim, qual foi o período de prorrogação utilizado?_Sim, até 6 meses","0",458,75.8278145695364
"Você fez uso de algum período de prorrogação de prazo para o término do seu curso de pós-graduação? Se sim, qual foi o período de prorrogação utilizado?_Sim, até 6 meses","1",146,24.1721854304636
"Você fez uso de algum período de prorrogação de prazo para o término do seu curso de pós-graduação? Se sim, qual foi o período de prorrogação utilizado?_Sim, entre 6 meses e 1 ano","0",558,92.3841059602649
"Você fez uso de algum período de prorrogação de prazo para o término do seu curso de pós-graduação? Se sim, qual foi o período de prorrogação utilizado?_Sim, entre 6 meses e 1 ano","1",46,7.6158940397351
"Você fez uso de algum período de prorrogação de prazo para o término do seu curso de pós-graduação? Se sim, qual foi o período de prorrogação utilizado?_Sim, mais de 1 ano","0",582,96.3576158940397
"Você fez uso de algum período de prorrogação de prazo para o término do seu curso de pós-graduação? Se sim, qual foi o período de prorrogação utilizado?_Sim, mais de 1 ano","1",22,3.64238410596026
"Você trancou sua matrícula no programa de pós-graduação? Se sim, por quanto tempo?_Não tranquei a matrícula","0",23,3.80794701986755
"Você trancou sua matrícula no programa de pós-graduação? Se sim, por quanto tempo?_Não tranquei a matrícula","1",581,96.1920529801324
"Você trancou sua matrícula no programa de pós-graduação? Se sim, por quanto tempo?_Sim, até 6 meses","0",594,98.3443708609272
"Você trancou sua matrícula no programa de pós-graduação? Se sim, por quanto tempo?_Sim, até 6 meses","1",10,1.65562913907285
"Você trancou sua matrícula no programa de pós-graduação? Se sim, por quanto tempo?_Sim, entre 6 meses e 1 ano","0",597,98.841059602649
"Você trancou sua matrícula no programa de pós-graduação? Se sim, por quanto tempo?_Sim, entre 6 meses e 1 ano","1",7,1.15894039735099
"Você trancou sua matrícula no programa de pós-graduação? Se sim, por quanto tempo?_Sim, mais de 1 ano","0",598,99.0066225165563
"Você trancou sua matrícula no programa de pós-graduação? Se sim, por quanto tempo?_Sim, mais de 1 ano","1",6,0.993377483443709
"Você recebeu bolsa de estudos ou auxílio financeiro durante o curso de pós-graduação? Se sim, por quanto tempo?_Não recebi bolsa ou auxílio financeiro","0",292,48.3443708609272
"Você recebeu bolsa de estudos ou auxílio financeiro durante o curso de pós-graduação? Se sim, por quanto tempo?_Não recebi bolsa ou auxílio financeiro","1",312,51.6556291390728
"Você recebeu bolsa de estudos ou auxílio financeiro durante o curso de pós-graduação? Se sim, por quanto tempo?_Sim, recebi entre 1 a 2 anos","0",478,79.1390728476821
"Você recebeu bolsa de estudos ou auxílio financeiro durante o curso de pós-graduação? Se sim, por quanto tempo?_Sim, recebi entre 1 a 2 anos","1",126,20.8609271523179
"Você recebeu bolsa de estudos ou auxílio financeiro durante o curso de pós-graduação? Se sim, por quanto tempo?_Sim, recebi por mais de 2 anos (para cursos com duração superior a 2 anos)","0",583,96.523178807947
"Você recebeu bolsa de estudos ou auxílio financeiro durante o curso de pós-graduação? Se sim, por quanto tempo?_Sim, recebi por mais de 2 anos (para cursos com duração superior a 2 anos)","1",21,3.47682119205298
"Você recebeu bolsa de estudos ou auxílio financeiro durante o curso de pós-graduação? Se sim, por quanto tempo?_Sim, recebi por menos de 1 ano","0",572,94.7019867549669
"Você recebeu bolsa de estudos ou auxílio financeiro durante o curso de pós-graduação? Se sim, por quanto tempo?_Sim, recebi por menos de 1 ano","1",32,5.29801324503311
"Você recebeu bolsa de estudos ou auxílio financeiro durante o curso de pós-graduação? Se sim, por quanto tempo?_Sim, recebi por todo o período do curso","0",491,81.2913907284768
"Você recebeu bolsa de estudos ou auxílio financeiro durante o curso de pós-graduação? Se sim, por quanto tempo?_Sim, recebi por todo o período do curso","1",113,18.7086092715232
"Você precisou mudar de cidade para realizar o curso de pós-graduação?_Não precisei mudar de cidade","0",135,22.3509933774834
"Você precisou mudar de cidade para realizar o curso de pós-graduação?_Não precisei mudar de cidade","1",469,77.6490066225166
"Você precisou mudar de cidade para realizar o curso de pós-graduação?_Sim, durante parte do período cursado","0",549,90.8940397350993
"Você precisou mudar de cidade para realizar o curso de pós-graduação?_Sim, durante parte do período cursado","1",55,9.10596026490066
"Você precisou mudar de cidade para realizar o curso de pós-graduação?_Sim, durante todo o período do curso","0",524,86.7549668874172
"Você precisou mudar de cidade para realizar o curso de pós-graduação?_Sim, durante todo o período do curso","1",80,13.2450331125828
"Antes de seu desligamento do curso de pós-graduação, chegou a realizar exame de qualificação?_Não","0",546,90.3973509933775
"Antes de seu desligamento do curso de pós-graduação, chegou a realizar exame de qualificação?_Não","1",58,9.60264900662252
"Antes de seu desligamento do curso de pós-graduação, chegou a realizar exame de qualificação?_Sim","0",582,96.3576158940397
"Antes de seu desligamento do curso de pós-graduação, chegou a realizar exame de qualificação?_Sim","1",22,3.64238410596026
"Antes de seu desligamento do curso de pós-graduação, chegou a realizar exame de qualificação?_NA","0",80,13.2450331125828
"Antes de seu desligamento do curso de pós-graduação, chegou a realizar exame de qualificação?_NA","1",524,86.7549668874172
"Após o desligamento nesse programa, você concluiu ou está cursando outro curso de pós-graduação stricto sensu?_Concluí em outra instituição","0",595,98.5099337748344
"Após o desligamento nesse programa, você concluiu ou está cursando outro curso de pós-graduação stricto sensu?_Concluí em outra instituição","1",9,1.49006622516556
"Após o desligamento nesse programa, você concluiu ou está cursando outro curso de pós-graduação stricto sensu?_Cursando em outra instituição","0",597,98.841059602649
"Após o desligamento nesse programa, você concluiu ou está cursando outro curso de pós-graduação stricto sensu?_Cursando em outra instituição","1",7,1.15894039735099
"Após o desligamento nesse programa, você concluiu ou está cursando outro curso de pós-graduação stricto sensu?_Cursando na UFMT","0",598,99.0066225165563
"Após o desligamento nesse programa, você concluiu ou está cursando outro curso de pós-graduação stricto sensu?_Cursando na UFMT","1",6,0.993377483443709
"Após o desligamento nesse programa, você concluiu ou está cursando outro curso de pós-graduação stricto sensu?_Não concluí e não estou cursando","0",547,90.5629139072848
"Após o desligamento nesse programa, você concluiu ou está cursando outro curso de pós-graduação stricto sensu?_Não concluí e não estou cursando","1",57,9.43708609271523
"Após o desligamento nesse programa, você concluiu ou está cursando outro curso de pós-graduação stricto sensu?_NA","0",79,13.0794701986755
"Após o desligamento nesse programa, você concluiu ou está cursando outro curso de pós-graduação stricto sensu?_NA","1",525,86.9205298013245
"Você trabalhou enquanto estava cursando pós-graduação?_Não, não trabalhei durante o período do curso","0",395,65.3973509933775
"Você trabalhou enquanto estava cursando pós-graduação?_Não, não trabalhei durante o período do curso","1",209,34.6026490066225
"Você trabalhou enquanto estava cursando pós-graduação?_Sim, durante parte do período cursado","0",465,76.9867549668874
"Você trabalhou enquanto estava cursando pós-graduação?_Sim, durante parte do período cursado","1",139,23.0132450331126
"Você trabalhou enquanto estava cursando pós-graduação?_Sim, durante todo o período do curso","0",348,57.6158940397351
"Você trabalhou enquanto estava cursando pós-graduação?_Sim, durante todo o período do curso","1",256,42.3841059602649
"Especifique a natureza da jornada de trabalho durante a pós-graduação_Jornada de meio período (até 30 horas semanais)","0",458,75.8278145695364
"Especifique a natureza da jornada de trabalho durante a pós-graduação_Jornada de meio período (até 30 horas semanais)","1",146,24.1721854304636
"Especifique a natureza da jornada de trabalho durante a pós-graduação_Jornada de tempo integral (acima de 30 horas semanais)","0",359,59.4370860927152
"Especifique a natureza da jornada de trabalho durante a pós-graduação_Jornada de tempo integral (acima de 30 horas semanais)","1",245,40.5629139072848
"Especifique a natureza da jornada de trabalho durante a pós-graduação_Jornada variável","0",591,97.8476821192053
"Especifique a natureza da jornada de trabalho durante a pós-graduação_Jornada variável","1",13,2.1523178807947
"Especifique a natureza da jornada de trabalho durante a pós-graduação_Não trabalhei durante o período do curso","0",415,68.7086092715232
"Especifique a natureza da jornada de trabalho durante a pós-graduação_Não trabalhei durante o período do curso","1",189,31.2913907284768
"Especifique a natureza da jornada de trabalho durante a pós-graduação_Resposta inconclusiva","0",593,98.1788079470199
"Especifique a natureza da jornada de trabalho durante a pós-graduação_Resposta inconclusiva","1",11,1.82119205298013
"Por que motivo não trabalhou durante o período cursado?_Afastamento com remuneração","0",554,91.7218543046358
"Por que motivo não trabalhou durante o período cursado?_Afastamento com remuneração","1",50,8.27814569536424
"Por que motivo não trabalhou durante o período cursado?_Afastamento sem remuneração","0",597,98.841059602649
"Por que motivo não trabalhou durante o período cursado?_Afastamento sem remuneração","1",7,1.15894039735099
"Por que motivo não trabalhou durante o período cursado?_Bolsista","0",554,91.7218543046358
"Por que motivo não trabalhou durante o período cursado?_Bolsista","1",50,8.27814569536424
"Por que motivo não trabalhou durante o período cursado?_Dedicação exclusiva","0",577,95.5298013245033
"Por que motivo não trabalhou durante o período cursado?_Dedicação exclusiva","1",27,4.47019867549669
"Por que motivo não trabalhou durante o período cursado?_Desemprego","0",536,88.7417218543046
"Por que motivo não trabalhou durante o período cursado?_Desemprego","1",68,11.2582781456954
"Por que motivo não trabalhou durante o período cursado?_Outro","0",597,98.841059602649
"Por que motivo não trabalhou durante o período cursado?_Outro","1",7,1.15894039735099
"Por que motivo não trabalhou durante o período cursado?_NA","0",209,34.6026490066225
"Por que motivo não trabalhou durante o período cursado?_NA","1",395,65.3973509933775
"Estado de nascimento_Alagoas","0",602,99.6688741721854
"Estado de nascimento_Alagoas","1",2,0.33112582781457
"Estado de nascimento_Amazonas","0",602,99.6688741721854
"Estado de nascimento_Amazonas","1",2,0.33112582781457
"Estado de nascimento_Bahia","0",596,98.6754966887417
"Estado de nascimento_Bahia","1",8,1.32450331125828
"Estado de nascimento_Ceará","0",601,99.5033112582781
"Estado de nascimento_Ceará","1",3,0.496688741721854
"Estado de nascimento_Distrito Federal","0",600,99.3377483443709
"Estado de nascimento_Distrito Federal","1",4,0.662251655629139
"Estado de nascimento_Espírito Santo","0",600,99.3377483443709
"Estado de nascimento_Espírito Santo","1",4,0.662251655629139
"Estado de nascimento_Estrangeiro","0",593,98.1788079470199
"Estado de nascimento_Estrangeiro","1",11,1.82119205298013
"Estado de nascimento_Goiás","0",571,94.5364238410596
"Estado de nascimento_Goiás","1",33,5.4635761589404
"Estado de nascimento_Mato Grosso","0",288,47.682119205298
"Estado de nascimento_Mato Grosso","1",316,52.317880794702
"Estado de nascimento_Mato Grosso do Sul","0",581,96.1920529801324
"Estado de nascimento_Mato Grosso do Sul","1",23,3.80794701986755
"Estado de nascimento_Minas Gerais","0",589,97.5165562913907
"Estado de nascimento_Minas Gerais","1",15,2.48344370860927
"Estado de nascimento_Pará","0",598,99.0066225165563
"Estado de nascimento_Pará","1",6,0.993377483443709
"Estado de nascimento_Paraná","0",550,91.0596026490066
"Estado de nascimento_Paraná","1",54,8.94039735099338
"Estado de nascimento_Pernambuco","0",601,99.5033112582781
"Estado de nascimento_Pernambuco","1",3,0.496688741721854
"Estado de nascimento_Piauí","0",599,99.1721854304636
"Estado de nascimento_Piauí","1",5,0.827814569536424
"Estado de nascimento_Rio de Janeiro","0",592,98.0132450331126
"Estado de nascimento_Rio de Janeiro","1",12,1.98675496688742
"Estado de nascimento_Rio Grande do Norte","0",603,99.8344370860927
"Estado de nascimento_Rio Grande do Norte","1",1,0.165562913907285
"Estado de nascimento_Rio Grande do Sul","0",583,96.523178807947
"Estado de nascimento_Rio Grande do Sul","1",21,3.47682119205298
"Estado de nascimento_Rondônia","0",583,96.523178807947
"Estado de nascimento_Rondônia","1",21,3.47682119205298
"Estado de nascimento_Santa Catarina","0",596,98.6754966887417
"Estado de nascimento_Santa Catarina","1",8,1.32450331125828
"Estado de nascimento_São Paulo","0",554,91.7218543046358
"Estado de nascimento_São Paulo","1",50,8.27814569536424
"Estado de nascimento_Sergipe","0",603,99.8344370860927
"Estado de nascimento_Sergipe","1",1,0.165562913907285
"Estado de nascimento_Tocantins","0",603,99.8344370860927
"Estado de nascimento_Tocantins","1",1,0.165562913907285
"Estado civil ao iniciar o curso de pós-graduação_Casado(a)","0",371,61.4238410596026
"Estado civil ao iniciar o curso de pós-graduação_Casado(a)","1",233,38.5761589403974
"Estado civil ao iniciar o curso de pós-graduação_Divorciado(a)","0",582,96.3576158940397
"Estado civil ao iniciar o curso de pós-graduação_Divorciado(a)","1",22,3.64238410596026
"Estado civil ao iniciar o curso de pós-graduação_Separado(a) Judicialmente","0",603,99.8344370860927
"Estado civil ao iniciar o curso de pós-graduação_Separado(a) Judicialmente","1",1,0.165562913907285
"Estado civil ao iniciar o curso de pós-graduação_Solteiro(a)","0",316,52.317880794702
"Estado civil ao iniciar o curso de pós-graduação_Solteiro(a)","1",288,47.682119205298
"Estado civil ao iniciar o curso de pós-graduação_União Estável","0",548,90.728476821192
"Estado civil ao iniciar o curso de pós-graduação_União Estável","1",56,9.27152317880795
"Estado civil ao iniciar o curso de pós-graduação_Viúvo(a)","0",600,99.3377483443709
"Estado civil ao iniciar o curso de pós-graduação_Viúvo(a)","1",4,0.662251655629139
"Sexo designado ao nascer_Feminino","0",251,41.5562913907285
"Sexo designado ao nascer_Feminino","1",353,58.4437086092715
"Sexo designado ao nascer_Masculino","0",354,58.6092715231788
"Sexo designado ao nascer_Masculino","1",250,41.3907284768212
"Sexo designado ao nascer_Prefiro não responder","0",603,99.8344370860927
"Sexo designado ao nascer_Prefiro não responder","1",1,0.165562913907285
"Identidade de gênero_Feminina","0",252,41.7218543046358
"Identidade de gênero_Feminina","1",352,58.2781456953642
"Identidade de gênero_Masculina","0",355,58.7748344370861
"Identidade de gênero_Masculina","1",249,41.2251655629139
"Identidade de gênero_Não-Binária","0",603,99.8344370860927
"Identidade de gênero_Não-Binária","1",1,0.165562913907285
"Identidade de gênero_Prefiro não responder","0",602,99.6688741721854
"Identidade de gênero_Prefiro não responder","1",2,0.33112582781457
"Como você se identifica em relação à sua orientação sexual?_Assexual (ausência de atração sexual)","0",603,99.8344370860927
"Como você se identifica em relação à sua orientação sexual?_Assexual (ausência de atração sexual)","1",1,0.165562913907285
"Como você se identifica em relação à sua orientação sexual?_Bissexual (atração pelo mesmo gênero e por outros)","0",580,96.0264900662252
"Como você se identifica em relação à sua orientação sexual?_Bissexual (atração pelo mesmo gênero e por outros)","1",24,3.97350993377483
"Como você se identifica em relação à sua orientação sexual?_Estou questionando minha orientação sexual","0",603,99.8344370860927
"Como você se identifica em relação à sua orientação sexual?_Estou questionando minha orientação sexual","1",1,0.165562913907285
"Como você se identifica em relação à sua orientação sexual?_Gay ou Lésbica (atração por pessoas de mesmo gênero)","0",558,92.3841059602649
"Como você se identifica em relação à sua orientação sexual?_Gay ou Lésbica (atração por pessoas de mesmo gênero)","1",46,7.6158940397351
"Como você se identifica em relação à sua orientação sexual?_Heterossexual (atração pelo gênero oposto)","0",81,13.4105960264901
"Como você se identifica em relação à sua orientação sexual?_Heterossexual (atração pelo gênero oposto)","1",523,86.5894039735099
"Como você se identifica em relação à sua orientação sexual?_Não tenho relacionamentos","0",603,99.8344370860927
"Como você se identifica em relação à sua orientação sexual?_Não tenho relacionamentos","1",1,0.165562913907285
"Como você se identifica em relação à sua orientação sexual?_Pansexual (atração independente de gênero)","0",602,99.6688741721854
"Como você se identifica em relação à sua orientação sexual?_Pansexual (atração independente de gênero)","1",2,0.33112582781457
"Como você se identifica em relação à sua orientação sexual?_Prefiro não responder","0",598,99.0066225165563
"Como você se identifica em relação à sua orientação sexual?_Prefiro não responder","1",6,0.993377483443709
"Qual opção melhor descreve sua raça ou etnia?_Amarela","0",595,98.5099337748344
"Qual opção melhor descreve sua raça ou etnia?_Amarela","1",9,1.49006622516556
"Qual opção melhor descreve sua raça ou etnia?_Branca","0",308,50.9933774834437
"Qual opção melhor descreve sua raça ou etnia?_Branca","1",296,49.0066225165563
"Qual opção melhor descreve sua raça ou etnia?_Indígena","0",602,99.6688741721854
"Qual opção melhor descreve sua raça ou etnia?_Indígena","1",2,0.33112582781457
"Qual opção melhor descreve sua raça ou etnia?_Parda","0",372,61.5894039735099
"Qual opção melhor descreve sua raça ou etnia?_Parda","1",232,38.4105960264901
"Qual opção melhor descreve sua raça ou etnia?_Preta","0",539,89.2384105960265
"Qual opção melhor descreve sua raça ou etnia?_Preta","1",65,10.7615894039735
"Qual era o rendimento per capita familiar durante o período em que realizou o curso de pós-graduação?_Acima de 8 salários-mínimos  (em valores atuais seria acima de R$ 11.296 por pessoa)","0",546,90.3973509933775
"Qual era o rendimento per capita familiar durante o período em que realizou o curso de pós-graduação?_Acima de 8 salários-mínimos  (em valores atuais seria acima de R$ 11.296 por pessoa)","1",58,9.60264900662252
"Qual era o rendimento per capita familiar durante o período em que realizou o curso de pós-graduação?_Até 1 salário-mínimo (em valores atuais seria até R$ 1.412 por pessoa)","0",560,92.7152317880795
"Qual era o rendimento per capita familiar durante o período em que realizou o curso de pós-graduação?_Até 1 salário-mínimo (em valores atuais seria até R$ 1.412 por pessoa)","1",44,7.28476821192053
"Qual era o rendimento per capita familiar durante o período em que realizou o curso de pós-graduação?_De 1 até 2 salários-mínimos (em valores atuais seria entre R$ 1.412 e R$ 2.824 por pessoa)","0",482,79.8013245033112
"Qual era o rendimento per capita familiar durante o período em que realizou o curso de pós-graduação?_De 1 até 2 salários-mínimos (em valores atuais seria entre R$ 1.412 e R$ 2.824 por pessoa)","1",122,20.1986754966887
"Qual era o rendimento per capita familiar durante o período em que realizou o curso de pós-graduação?_De 2 até 3 salários-mínimos (em valores atuais seria entre R$ 2.824 e R$ 4.236 por pessoa)","0",471,77.9801324503311
"Qual era o rendimento per capita familiar durante o período em que realizou o curso de pós-graduação?_De 2 até 3 salários-mínimos (em valores atuais seria entre R$ 2.824 e R$ 4.236 por pessoa)","1",133,22.0198675496689
"Qual era o rendimento per capita familiar durante o período em que realizou o curso de pós-graduação?_De 3 até 5 salários-mínimos  (em valores atuais seria entre R$ 4.236 e R$ 7.060 por pessoa)","0",473,78.3112582781457
"Qual era o rendimento per capita familiar durante o período em que realizou o curso de pós-graduação?_De 3 até 5 salários-mínimos  (em valores atuais seria entre R$ 4.236 e R$ 7.060 por pessoa)","1",131,21.6887417218543
"Qual era o rendimento per capita familiar durante o período em que realizou o curso de pós-graduação?_De 5 até 8 salários-mínimos (em valores atuais seria entre R$ 7.060 e R$ 11.296 por pessoa)","0",521,86.2582781456954
"Qual era o rendimento per capita familiar durante o período em que realizou o curso de pós-graduação?_De 5 até 8 salários-mínimos (em valores atuais seria entre R$ 7.060 e R$ 11.296 por pessoa)","1",83,13.7417218543046
"Qual era o rendimento per capita familiar durante o período em que realizou o curso de pós-graduação?_Prefiro não responder","0",587,97.1854304635762
"Qual era o rendimento per capita familiar durante o período em que realizou o curso de pós-graduação?_Prefiro não responder","1",17,2.81456953642384
"Qual era o rendimento per capita familiar durante o período em que realizou o curso de pós-graduação?_Sem renda","0",588,97.3509933774834
"Qual era o rendimento per capita familiar durante o período em que realizou o curso de pós-graduação?_Sem renda","1",16,2.64900662251656
"Você cursou o ensino superior (graduação) predominantemente em_Alternância entre instituições públicas e particulares","0",583,96.523178807947
"Você cursou o ensino superior (graduação) predominantemente em_Alternância entre instituições públicas e particulares","1",21,3.47682119205298
"Você cursou o ensino superior (graduação) predominantemente em_Instituição particular","0",501,82.9470198675497
"Você cursou o ensino superior (graduação) predominantemente em_Instituição particular","1",103,17.0529801324503
"Você cursou o ensino superior (graduação) predominantemente em_Instituição pública","0",124,20.5298013245033
"Você cursou o ensino superior (graduação) predominantemente em_Instituição pública","1",480,79.4701986754967
